{
	"projectname": "%E5%91%A2%E5%96%831.1",
	"setting": {
		"compileHotReLoad": true
	},
	"description": "项目私有配置文件。此文件中的内容将覆盖 project.config.json 中的相同字段。项目的改动优先同步到此文件中。详见文档：https://developers.weixin.qq.com/miniprogram/dev/devtools/projectconfig.html",
	"condition": {
		"miniprogram": {
			"list": [
				{
					"name": "",
					"pathName": "pages/login/login",
					"query": "",
					"launchMode": "default",
					"scene": null
				},
				{
					"name": "",
					"pathName": "pages/phone/phone",
					"query": "",
					"launchMode": "default",
					"scene": null
				},
				{
					"name": "",
					"pathName": "pages/new_guide_one/new_guide_one",
					"query": "",
					"launchMode": "default",
					"scene": null
				}
			]
		}
	}
}