{
	"description": "项目配置文件，详见文档：https://developers.weixin.qq.com/miniprogram/dev/devtools/projectconfig.html",
	"packOptions": {
		"ignore": [],
		"include": []
	},
	"setting": {
		"urlCheck": true,
		"es6": true,
		"enhance": true,
		"postcss": true,
		"preloadBackgroundData": false,
		"minified": true,
		"newFeature": true,
		"coverView": true,
		"nodeModules": false,
		"autoAudits": false,
		"showShadowRootInWxmlPanel": true,
		"scopeDataCheck": false,
		"uglifyFileName": false,
		"checkInvalidKey": true,
		"checkSiteMap": true,
		"uploadWithSourceMap": true,
		"compileHotReLoad": false,
		"lazyloadPlaceholderEnable": false,
		"useMultiFrameRuntime": true,
		"useApiHook": true,
		"useApiHostProcess": true,
		"babelSetting": {
			"ignore": [],
			"disablePlugins": [],
			"outputPath": ""
		},
		"enableEngineNative": false,
		"useIsolateContext": true,
		"userConfirmedBundleSwitch": false,
		"packNpmManually": false,
		"packNpmRelationList": [],
		"minifyWXSS": true,
		"showES6CompileOption": false,
		"useStaticServer": true,
		"disableUseStrict": false,
		"useCompilerPlugins": false,
		"minifyWXML": true
	},
	"compileType": "miniprogram",
	"libVersion": "2.14.1",
	"appid": "wx222d892897341ab8",
	"projectname": "TodoList",
	"miniprogramRoot": "miniprogram/",
	"cloudfunctionRoot": "cloudfunctions/",
	"cloudfunctionTemplateRoot": "",
	"condition": {},
	"srcMiniprogramRoot": "miniprogram/",
	"editorSetting": {
		"tabIndent": "tab",
		"tabSize": 4
	}
}